time,open,high,low,close
2022-11-24T00:00:00Z,1748.7,1758.39,1747.92,1755.11
2022-11-25T00:00:00Z,1754.2,1760.94,1745.78,1754.13
2022-11-28T00:00:00Z,1753.01,1763.51,1739.46,1741.12
2022-11-29T00:00:00Z,1740.22,1758.7,1739.18,1749.48
2022-11-30T00:00:00Z,1749.22,1769.78,1744.59,1767.65
2022-12-01T00:00:00Z,1768.84,1803.95,1768.09,1802.8
2022-12-02T00:00:00Z,1801.65,1804.31,1778.07,1797.32
2022-12-05T00:00:00Z,1795.33,1809.75,1765.61,1768.62
2022-12-06T00:00:00Z,1768.08,1780.64,1767.03,1770.46
2022-12-07T00:00:00Z,1770.77,1790.36,1768.54,1785.59
2022-12-08T00:00:00Z,1786.0,1794.69,1781.2,1788.53
2022-12-09T00:00:00Z,1789.68,1805.93,1788.07,1796.17
2022-12-12T00:00:00Z,1796.53,1797.05,1777.4,1780.87
2022-12-13T00:00:00Z,1780.19,1824.31,1779.99,1810.61
2022-12-14T00:00:00Z,1810.53,1813.82,1793.31,1807.23
2022-12-15T00:00:00Z,1806.87,1808.45,1773.48,1776.66
2022-12-16T00:00:00Z,1776.44,1794.07,1774.11,1793.27
2022-12-19T00:00:00Z,1792.34,1798.53,1783.63,1787.15
2022-12-20T00:00:00Z,1787.55,1820.91,1784.42,1817.6
2022-12-21T00:00:00Z,1817.62,1823.6,1811.09,1814.35
2022-12-22T00:00:00Z,1813.17,1820.25,1784.54,1792.31
2022-12-23T00:00:00Z,1792.0,1803.04,1790.82,1797.82
2022-12-27T00:00:00Z,1800.93,1833.19,1798.01,1813.51
2022-12-28T00:00:00Z,1813.86,1814.43,1796.56,1803.7
2022-12-29T00:00:00Z,1803.39,1820.0,1803.25,1814.81
2022-12-30T00:00:00Z,1813.62,1825.79,1813.25,1823.85
2023-01-03T00:00:00Z,1825.78,1849.76,1822.88,1839.1
2023-01-04T00:00:00Z,1837.85,1864.91,1836.03,1854.33
2023-01-05T00:00:00Z,1854.37,1858.8,1824.69,1832.43
2023-01-06T00:00:00Z,1831.76,1869.66,1831.05,1865.84
2023-01-09T00:00:00Z,1868.01,1881.33,1865.91,1871.07
2023-01-10T00:00:00Z,1870.93,1880.55,1867.35,1876.35
2023-01-11T00:00:00Z,1876.49,1886.46,1866.91,1875.61
2023-01-12T00:00:00Z,1874.45,1901.34,1869.76,1896.67
2023-01-13T00:00:00Z,1895.33,1921.69,1892.14,1919.79
2023-01-16T00:00:00Z,1918.04,1928.76,1910.65,1915.42
2023-01-17T00:00:00Z,1913.01,1918.84,1903.6,1908.35
2023-01-18T00:00:00Z,1908.14,1925.71,1896.42,1903.65
2023-01-19T00:00:00Z,1903.75,1934.98,1900.77,1932.04
2023-01-20T00:00:00Z,1931.46,1937.26,1920.49,1926.88
2023-01-23T00:00:00Z,1926.6,1935.28,1911.17,1931.11
2023-01-24T00:00:00Z,1930.59,1942.32,1916.98,1937.1
2023-01-25T00:00:00Z,1936.69,1947.89,1919.64,1945.87
2023-01-26T00:00:00Z,1945.74,1948.99,1916.04,1928.54
2023-01-27T00:00:00Z,1927.6,1934.79,1916.44,1926.77
2023-01-30T00:00:00Z,1927.5,1934.3,1920.48,1923.04
2023-01-31T00:00:00Z,1922.69,1930.8,1900.71,1927.96
2023-02-01T00:00:00Z,1927.67,1954.35,1920.45,1950.01
2023-02-02T00:00:00Z,1951.88,1959.48,1911.13,1912.16
2023-02-03T00:00:00Z,1911.48,1918.36,1861.21,1865.72
2023-02-06T00:00:00Z,1861.51,1881.08,1861.36,1867.17
2023-02-07T00:00:00Z,1866.95,1884.08,1864.83,1871.19
2023-02-08T00:00:00Z,1872.88,1886.05,1868.33,1875.54
2023-02-09T00:00:00Z,1875.09,1890.04,1857.5,1861.49
2023-02-10T00:00:00Z,1862.45,1871.98,1852.59,1863.8
2023-02-13T00:00:00Z,1864.07,1866.35,1850.29,1853.43
2023-02-14T00:00:00Z,1853.45,1870.48,1843.13,1854.19
2023-02-15T00:00:00Z,1853.92,1859.92,1830.38,1835.94
2023-02-16T00:00:00Z,1835.98,1845.13,1827.43,1836.28
2023-02-17T00:00:00Z,1835.97,1843.42,1818.72,1841.82
2023-02-20T00:00:00Z,1840.83,1847.32,1837.09,1841.02
2023-02-21T00:00:00Z,1841.39,1843.66,1830.04,1834.68
2023-02-22T00:00:00Z,1834.55,1845.83,1823.36,1825.09
2023-02-23T00:00:00Z,1825.51,1833.61,1817.24,1822.08
2023-02-24T00:00:00Z,1822.48,1827.63,1808.76,1810.95
2023-02-27T00:00:00Z,1811.74,1819.95,1806.47,1816.96
2023-02-28T00:00:00Z,1816.87,1831.0,1804.55,1826.31
2023-03-01T00:00:00Z,1826.53,1844.36,1822.87,1836.37
2023-03-02T00:00:00Z,1836.85,1838.79,1829.81,1835.78
2023-03-03T00:00:00Z,1835.59,1856.15,1835.59,1854.79
2023-03-06T00:00:00Z,1854.36,1858.11,1844.9,1846.59
2023-03-07T00:00:00Z,1846.45,1851.48,1812.52,1813.13
2023-03-08T00:00:00Z,1813.8,1824.07,1809.15,1813.55
2023-03-09T00:00:00Z,1813.76,1835.37,1811.74,1830.73
2023-03-10T00:00:00Z,1831.18,1869.98,1827.52,1867.92
2023-03-13T00:00:00Z,1880.15,1914.44,1871.32,1913.21
2023-03-14T00:00:00Z,1913.44,1913.94,1895.19,1903.66
2023-03-15T00:00:00Z,1903.73,1937.17,1885.56,1918.48
2023-03-16T00:00:00Z,1919.04,1933.31,1907.33,1919.07
2023-03-17T00:00:00Z,1919.83,1987.58,1918.07,1979.92
2023-03-20T00:00:00Z,1985.6,2009.59,1965.71,1978.69
2023-03-21T00:00:00Z,1978.87,1984.98,1935.19,1940.19
2023-03-22T00:00:00Z,1939.63,1978.64,1934.09,1969.76
2023-03-23T00:00:00Z,1970.08,2003.13,1964.42,1993.26
2023-03-24T00:00:00Z,1993.31,2002.78,1975.01,1975.25
2023-03-27T00:00:00Z,1978.27,1979.05,1943.8,1956.2
2023-03-28T00:00:00Z,1956.14,1975.09,1948.99,1973.65
2023-03-29T00:00:00Z,1973.36,1974.19,1958.5,1964.17
2023-03-30T00:00:00Z,1963.15,1984.11,1955.22,1980.15
2023-03-31T00:00:00Z,1980.37,1987.48,1966.7,1969.47
2023-04-03T00:00:00Z,1967.06,1990.31,1949.52,1984.13
2023-04-04T00:00:00Z,1983.83,2024.85,1976.78,2020.2
2023-04-05T00:00:00Z,2020.65,2031.83,2009.86,2020.59
2023-04-06T00:00:00Z,2020.76,2021.23,2000.64,2007.44
2023-04-10T00:00:00Z,1997.34,2006.37,1981.46,1991.05
2023-04-11T00:00:00Z,1991.37,2007.26,1988.58,2003.38
2023-04-12T00:00:00Z,2002.87,2028.05,2001.2,2014.75
2023-04-13T00:00:00Z,2014.35,2048.42,2013.89,2040.17
2023-04-14T00:00:00Z,2040.32,2047.24,1992.21,2004.21
2023-04-17T00:00:00Z,1999.83,2014.85,1981.04,1994.73
2023-04-18T00:00:00Z,1994.95,2011.69,1991.11,2004.85
2023-04-19T00:00:00Z,2004.89,2008.0,1969.04,1994.51
2023-04-20T00:00:00Z,1994.46,2012.14,1990.34,2004.42
2023-04-21T00:00:00Z,2004.11,2005.39,1971.44,1983.22
2023-04-24T00:00:00Z,1981.95,1990.67,1973.92,1988.85
2023-04-25T00:00:00Z,1988.64,2003.71,1975.91,1997.04
2023-04-26T00:00:00Z,1995.81,2009.12,1983.17,1988.95
2023-04-27T00:00:00Z,1989.52,2003.3,1973.97,1987.57
2023-04-28T00:00:00Z,1987.42,1994.86,1976.09,1988.69
2023-05-01T00:00:00Z,1989.88,2005.81,1976.91,1982.15
2023-05-02T00:00:00Z,1982.09,2019.21,1978.26,2016.42
2023-05-03T00:00:00Z,2015.97,2040.3,2007.33,2039.21
2023-05-04T00:00:00Z,2063.51,2063.62,2030.13,2049.99
2023-05-05T00:00:00Z,2049.28,2052.85,1999.3,2017.52
2023-05-08T00:00:00Z,2016.48,2029.17,2014.08,2021.19
2023-05-09T00:00:00Z,2020.94,2037.42,2019.27,2034.34
2023-05-10T00:00:00Z,2034.11,2048.03,2021.33,2029.44
2023-05-11T00:00:00Z,2029.89,2041.07,2010.9,2014.84
2023-05-12T00:00:00Z,2014.7,2022.32,2000.73,2010.33
2023-05-15T00:00:00Z,2008.12,2021.97,2007.15,2016.12
2023-05-16T00:00:00Z,2016.03,2018.16,1985.29,1988.64
2023-05-17T00:00:00Z,1988.58,1992.85,1974.8,1981.88
2023-05-18T00:00:00Z,1979.75,1985.84,1951.75,1957.41
2023-05-19T00:00:00Z,1957.91,1984.01,1953.85,1976.74
2023-05-22T00:00:00Z,1978.3,1982.39,1968.7,1971.57
2023-05-23T00:00:00Z,1971.77,1977.5,1954.05,1974.91
2023-05-24T00:00:00Z,1974.35,1985.02,1956.52,1957.05
2023-05-25T00:00:00Z,1957.44,1964.56,1938.62,1940.37
2023-05-26T00:00:00Z,1940.65,1957.14,1936.59,1946.66
2023-05-29T00:00:00Z,1944.47,1949.53,1940.07,1943.0
2023-05-30T00:00:00Z,1943.59,1963.33,1931.83,1959.22
2023-05-31T00:00:00Z,1958.98,1974.56,1953.44,1962.41
2023-06-01T00:00:00Z,1962.46,1982.92,1953.21,1977.29
2023-06-02T00:00:00Z,1976.84,1983.21,1947.92,1948.3
2023-06-05T00:00:00Z,1947.39,1963.87,1937.94,1961.46
2023-06-06T00:00:00Z,1961.37,1966.12,1954.21,1963.06
2023-06-07T00:00:00Z,1963.55,1969.98,1939.69,1939.78
2023-06-08T00:00:00Z,1939.54,1970.16,1939.53,1963.73
2023-06-09T00:00:00Z,1965.6,1972.77,1956.44,1960.61
2023-06-12T00:00:00Z,1960.02,1966.76,1949.02,1957.35
2023-06-13T00:00:00Z,1957.04,1970.83,1939.82,1943.31
2023-06-14T00:00:00Z,1942.92,1960.1,1939.51,1941.07
2023-06-15T00:00:00Z,1941.63,1960.07,1924.79,1957.75
2023-06-16T00:00:00Z,1957.15,1967.73,1953.08,1956.45
2023-06-19T00:00:00Z,1958.05,1958.51,1947.62,1950.1
2023-06-20T00:00:00Z,1950.59,1956.58,1929.58,1936.01
2023-06-21T00:00:00Z,1936.17,1939.3,1918.99,1932.14
2023-06-22T00:00:00Z,1932.61,1934.68,1912.24,1913.53
2023-06-23T00:00:00Z,1913.84,1937.16,1909.92,1919.53
2023-06-26T00:00:00Z,1923.33,1933.14,1921.35,1923.01
2023-06-27T00:00:00Z,1923.17,1930.47,1910.81,1913.43
2023-06-28T00:00:00Z,1913.68,1917.03,1902.61,1907.22
2023-06-29T00:00:00Z,1907.49,1912.9,1892.83,1907.83
2023-06-30T00:00:00Z,1908.46,1922.56,1900.35,1918.25
2023-07-03T00:00:00Z,1918.86,1930.84,1909.93,1921.29
2023-07-04T00:00:00Z,1921.17,1930.49,1919.43,1925.61
2023-07-05T00:00:00Z,1925.54,1934.83,1914.62,1914.86
2023-07-06T00:00:00Z,1915.1,1927.4,1902.45,1910.75
2023-07-07T00:00:00Z,1910.62,1934.67,1909.3,1924.24
2023-07-10T00:00:00Z,1924.37,1928.07,1912.47,1925.15
2023-07-11T00:00:00Z,1925.06,1938.24,1924.21,1932.27
2023-07-12T00:00:00Z,1932.27,1959.51,1932.04,1957.27
2023-07-13T00:00:00Z,1957.05,1963.49,1952.21,1960.37
2023-07-14T00:00:00Z,1960.19,1963.5,1950.76,1955.1
2023-07-17T00:00:00Z,1955.56,1959.63,1945.59,1954.8
2023-07-18T00:00:00Z,1954.57,1984.16,1954.43,1978.64
2023-07-19T00:00:00Z,1978.64,1980.7,1969.57,1976.88
2023-07-20T00:00:00Z,1975.83,1987.27,1965.13,1969.25
2023-07-21T00:00:00Z,1970.04,1973.6,1956.64,1961.96
2023-07-24T00:00:00Z,1962.16,1967.64,1953.23,1954.48
2023-07-25T00:00:00Z,1954.9,1965.48,1948.6,1964.44
2023-07-26T00:00:00Z,1964.4,1978.1,1961.85,1972.1
2023-07-27T00:00:00Z,1970.37,1981.96,1942.41,1944.98
2023-07-28T00:00:00Z,1946.39,1963.33,1945.26,1958.75
2023-07-31T00:00:00Z,1959.55,1972.22,1951.08,1965.18
2023-08-01T00:00:00Z,1965.63,1965.8,1941.04,1943.96
2023-08-02T00:00:00Z,1949.94,1954.6,1932.92,1934.49
2023-08-03T00:00:00Z,1934.32,1938.73,1929.36,1934.04
2023-08-04T00:00:00Z,1934.61,1946.7,1924.47,1941.61
2023-08-07T00:00:00Z,1942.5,1946.63,1931.27,1936.29
2023-08-08T00:00:00Z,1936.22,1937.9,1922.56,1924.86
2023-08-09T00:00:00Z,1925.06,1932.13,1913.89,1914.69
2023-08-10T00:00:00Z,1914.61,1929.93,1911.93,1912.2
2023-08-11T00:00:00Z,1912.58,1920.74,1910.67,1913.15
2023-08-14T00:00:00Z,1913.45,1916.02,1902.5,1907.42
2023-08-15T00:00:00Z,1907.29,1911.43,1896.18,1901.55
2023-08-16T00:00:00Z,1901.7,1907.01,1891.63,1891.81
2023-08-17T00:00:00Z,1892.25,1903.29,1884.85,1889.03
2023-08-18T00:00:00Z,1889.29,1896.65,1886.57,1888.55
2023-08-21T00:00:00Z,1890.24,1898.55,1884.64,1894.6
2023-08-22T00:00:00Z,1894.58,1904.23,1888.95,1897.42
2023-08-23T00:00:00Z,1897.35,1920.14,1897.26,1915.22
2023-08-24T00:00:00Z,1915.18,1923.14,1911.6,1916.54
2023-08-25T00:00:00Z,1917.0,1922.26,1903.6,1913.36
2023-08-28T00:00:00Z,1914.83,1925.84,1912.6,1919.98
2023-08-29T00:00:00Z,1919.75,1937.99,1914.26,1937.24
2023-08-30T00:00:00Z,1932.62,1948.8,1931.57,1942.23
2023-08-31T00:00:00Z,1942.77,1947.69,1938.84,1939.88
2023-09-01T00:00:00Z,1939.95,1952.76,1934.25,1939.73
2023-09-04T00:00:00Z,1939.97,1946.1,1936.54,1938.23
2023-09-05T00:00:00Z,1938.28,1938.79,1925.13,1925.96
2023-09-06T00:00:00Z,1926.06,1928.98,1915.07,1916.22
2023-09-07T00:00:00Z,1917.1,1923.4,1916.0,1919.47
2023-09-08T00:00:00Z,1919.42,1929.51,1917.14,1919.02
2023-09-11T00:00:00Z,1920.25,1930.55,1916.55,1922.13
2023-09-12T00:00:00Z,1922.52,1924.34,1907.38,1913.42
2023-09-13T00:00:00Z,1912.9,1915.55,1905.44,1907.98
2023-09-14T00:00:00Z,1908.95,1912.74,1900.79,1910.5
2023-09-15T00:00:00Z,1910.82,1930.21,1909.59,1923.09
2023-09-18T00:00:00Z,1923.69,1934.08,1922.37,1933.41
2023-09-19T00:00:00Z,1933.65,1937.2,1929.58,1931.1
2023-09-20T00:00:00Z,1931.69,1947.23,1927.74,1930.42
2023-09-21T00:00:00Z,1930.72,1931.35,1913.72,1919.78
2023-09-22T00:00:00Z,1919.56,1928.93,1917.37,1924.39
2023-09-25T00:00:00Z,1925.06,1926.99,1914.95,1915.74
2023-09-26T00:00:00Z,1915.91,1916.59,1898.96,1900.42
2023-09-27T00:00:00Z,1900.52,1903.7,1872.33,1874.51
2023-09-28T00:00:00Z,1875.86,1879.41,1857.51,1864.54
2023-09-29T00:00:00Z,1865.14,1879.64,1846.13,1848.58
2023-10-02T00:00:00Z,1847.82,1848.71,1826.98,1827.51
2023-10-03T00:00:00Z,1828.77,1833.13,1815.05,1822.61
2023-10-04T00:00:00Z,1823.25,1830.43,1816.39,1821.05
2023-10-05T00:00:00Z,1821.37,1829.01,1812.91,1820.08
2023-10-06T00:00:00Z,1820.24,1834.68,1810.25,1829.98
2023-10-09T00:00:00Z,1850.38,1863.34,1843.91,1861.14
2023-10-10T00:00:00Z,1861.14,1865.18,1852.82,1860.24
2023-10-11T00:00:00Z,1859.98,1877.05,1858.43,1873.84
2023-10-12T00:00:00Z,1874.33,1884.99,1867.73,1868.51
2023-10-13T00:00:00Z,1868.97,1930.58,1868.86,1928.8
2023-10-16T00:00:00Z,1925.61,1927.68,1907.99,1919.89
2023-10-17T00:00:00Z,1919.96,1931.37,1912.19,1922.99
2023-10-18T00:00:00Z,1923.69,1962.46,1923.12,1947.61
2023-10-19T00:00:00Z,1947.65,1977.51,1944.97,1973.84
2023-10-20T00:00:00Z,1973.23,1997.02,1971.82,1978.82
2023-10-23T00:00:00Z,1971.54,1982.61,1964.16,1972.64
2023-10-24T00:00:00Z,1973.52,1980.67,1953.28,1970.84
2023-10-25T00:00:00Z,1970.83,1987.09,1962.88,1979.64
2023-10-26T00:00:00Z,1980.79,1993.25,1971.61,1984.79
2023-10-27T00:00:00Z,1984.5,2009.17,1976.65,2005.52
2023-10-30T00:00:00Z,2006.25,2006.58,1990.77,1995.78
2023-10-31T00:00:00Z,1995.86,2007.65,1978.64,1983.79
2023-11-01T00:00:00Z,1983.42,1992.63,1969.63,1982.19
2023-11-02T00:00:00Z,1981.36,1990.82,1978.63,1985.63
2023-11-03T00:00:00Z,1985.9,2003.87,1983.02,1992.47
2023-11-06T00:00:00Z,1992.25,1992.96,1977.19,1977.61
2023-11-07T00:00:00Z,1977.85,1978.23,1956.5,1968.96
2023-11-08T00:00:00Z,1968.62,1970.85,1947.22,1950.05
2023-11-09T00:00:00Z,1950.24,1965.39,1944.54,1958.1
2023-11-10T00:00:00Z,1958.35,1960.61,1932.94,1937.1
2023-11-13T00:00:00Z,1939.13,1949.03,1931.51,1945.89
2023-11-14T00:00:00Z,1946.08,1970.72,1937.21,1963.05
2023-11-15T00:00:00Z,1962.67,1975.11,1955.25,1959.23
2023-11-16T00:00:00Z,1960.01,1987.77,1956.26,1981.17
2023-11-17T00:00:00Z,1980.9,1993.3,1978.35,1980.04
2023-11-20T00:00:00Z,1977.55,1984.99,1965.29,1977.58
2023-11-21T00:00:00Z,1977.72,2007.38,1977.66,1998.16
2023-11-22T00:00:00Z,1998.18,2006.08,1986.69,1989.6
2023-11-23T00:00:00Z,1989.31,1998.36,1989.11,1992.68
2023-11-24T00:00:00Z,1992.82,2003.41,1991.27,2002.58
2023-11-27T00:00:00Z,2000.95,2018.09,2000.15,2013.94
2023-11-28T00:00:00Z,2014.02,2042.84,2011.48,2040.75
2023-11-29T00:00:00Z,2040.65,2051.79,2035.23,2044.04
2023-11-30T00:00:00Z,2044.43,2047.03,2031.41,2035.93
2023-12-01T00:00:00Z,2036.71,2075.16,2033.72,2070.95
2023-12-04T00:00:00Z,2072.66,2144.98,2020.0,2028.98
2023-12-05T00:00:00Z,2029.7,2041.04,2009.72,2019.09
2023-12-06T00:00:00Z,2019.33,2035.68,2017.01,2025.27
2023-12-07T00:00:00Z,2025.69,2039.72,2020.01,2028.21
2023-12-08T00:00:00Z,2028.5,2033.84,1994.46,2003.45
2023-12-11T00:00:00Z,2001.22,2007.6,1975.64,1981.61
2023-12-12T00:00:00Z,1981.95,1996.51,1976.96,1979.18
2023-12-13T00:00:00Z,1980.56,2027.62,1972.89,2027.06
2023-12-14T00:00:00Z,2024.88,2047.73,2021.73,2035.98
2023-12-15T00:00:00Z,2036.03,2044.71,2015.41,2019.49
2023-12-18T00:00:00Z,2019.83,2033.47,2015.76,2026.98
2023-12-19T00:00:00Z,2027.3,2046.77,2021.52,2040.02
2023-12-20T00:00:00Z,2039.73,2043.29,2027.27,2031.47
2023-12-21T00:00:00Z,2031.96,2045.82,2031.32,2045.73
2023-12-22T00:00:00Z,2047.99,2070.43,2046.65,2052.46
2023-12-26T00:00:00Z,2053.89,2068.89,2052.61,2067.64
2023-12-27T00:00:00Z,2068.23,2084.25,2061.26,2076.95
2023-12-28T00:00:00Z,2077.73,2088.28,2064.45,2065.16
2023-12-29T00:00:00Z,2066.42,2074.62,2058.06,2062.42
2024-01-02T00:00:00Z,2063.06,2078.71,2055.86,2058.73
2024-01-03T00:00:00Z,2058.78,2065.79,2030.4,2041.22
2024-01-04T00:00:00Z,2042.12,2050.73,2036.06,2043.1
2024-01-05T00:00:00Z,2043.5,2063.8,2024.34,2044.63
2024-01-08T00:00:00Z,2044.3,2046.43,2016.63,2027.72
2024-01-09T00:00:00Z,2027.87,2041.72,2025.88,2029.76
2024-01-10T00:00:00Z,2030.51,2040.06,2020.25,2024.12
2024-01-11T00:00:00Z,2024.47,2049.9,2013.09,2028.61
2024-01-12T00:00:00Z,2028.74,2062.04,2028.55,2047.87
2024-01-15T00:00:00Z,2047.06,2058.41,2045.61,2054.25
2024-01-16T00:00:00Z,2055.15,2055.51,2024.04,2028.21
2024-01-17T00:00:00Z,2027.88,2032.78,2001.64,2006.03
2024-01-18T00:00:00Z,2006.73,2023.14,2005.61,2022.87
2024-01-19T00:00:00Z,2023.95,2039.12,2020.2,2029.12
2024-01-22T00:00:00Z,2028.75,2031.93,2016.46,2021.44
2024-01-23T00:00:00Z,2021.52,2037.66,2019.38,2028.92
2024-01-24T00:00:00Z,2028.78,2036.52,2010.98,2013.98
2024-01-25T00:00:00Z,2015.11,2025.12,2009.86,2020.65
2024-01-26T00:00:00Z,2020.05,2026.72,2015.1,2018.6
2024-01-29T00:00:00Z,2025.15,2037.39,2019.09,2032.21
2024-01-30T00:00:00Z,2033.01,2048.45,2028.87,2036.57
2024-01-31T00:00:00Z,2036.96,2055.76,2030.69,2038.86
2024-02-01T00:00:00Z,2039.6,2065.28,2029.87,2054.44
2024-02-02T00:00:00Z,2054.75,2057.44,2027.7,2037.35
2024-02-05T00:00:00Z,2039.33,2042.07,2014.69,2024.6
2024-02-06T00:00:00Z,2024.94,2038.68,2022.71,2035.76
2024-02-07T00:00:00Z,2035.74,2044.38,2030.38,2034.78
2024-02-08T00:00:00Z,2034.75,2038.47,2019.99,2033.96
2024-02-09T00:00:00Z,2033.21,2036.98,2020.05,2025.23
2024-02-12T00:00:00Z,2025.3,2027.31,2011.7,2019.85
2024-02-13T00:00:00Z,2019.49,2031.07,1989.9,1992.94
2024-02-14T00:00:00Z,1992.5,1995.94,1984.06,1991.94
2024-02-15T00:00:00Z,1992.7,2008.08,1985.41,2004.06
2024-02-16T00:00:00Z,2003.16,2014.95,1994.89,2012.8
2024-02-19T00:00:00Z,2013.51,2022.82,2008.62,2017.69
2024-02-20T00:00:00Z,2017.17,2030.73,2014.79,2024.07
2024-02-21T00:00:00Z,2023.87,2032.1,2019.87,2025.81
2024-02-22T00:00:00Z,2025.74,2034.7,2019.46,2024.63
2024-02-23T00:00:00Z,2024.45,2041.13,2015.86,2035.07
2024-02-26T00:00:00Z,2033.03,2036.88,2024.88,2031.21
2024-02-27T00:00:00Z,2030.85,2039.26,2028.57,2030.39
2024-02-28T00:00:00Z,2030.06,2037.7,2024.33,2034.08
2024-02-29T00:00:00Z,2034.9,2050.54,2027.9,2043.84
2024-03-01T00:00:00Z,2043.8,2088.12,2038.86,2083.35
2024-03-04T00:00:00Z,2083.08,2119.71,2079.28,2114.14
2024-03-05T00:00:00Z,2114.04,2141.59,2110.22,2127.69
2024-03-06T00:00:00Z,2127.49,2152.0,2123.55,2147.96
2024-03-07T00:00:00Z,2148.29,2164.41,2144.01,2159.63
2024-03-08T00:00:00Z,2159.01,2194.93,2153.85,2177.48
2024-03-11T00:00:00Z,2180.43,2188.87,2174.69,2182.49
2024-03-12T00:00:00Z,2181.71,2184.6,2150.42,2158.26
2024-03-13T00:00:00Z,2158.65,2179.65,2155.52,2174.37
2024-03-14T00:00:00Z,2174.87,2176.85,2152.55,2161.97
2024-03-15T00:00:00Z,2161.85,2172.54,2154.99,2158.05
2024-03-18T00:00:00Z,2152.33,2163.42,2145.92,2159.92
2024-03-19T00:00:00Z,2160.45,2162.68,2146.93,2157.4
2024-03-20T00:00:00Z,2157.75,2188.64,2149.4,2185.8
2024-03-21T00:00:00Z,2187.3,2222.75,2166.19,2180.91
2024-03-22T00:00:00Z,2181.05,2185.92,2156.94,2165.86
2024-03-25T00:00:00Z,2165.53,2181.12,2163.44,2171.52
2024-03-26T00:00:00Z,2171.6,2199.91,2167.44,2178.2
2024-03-27T00:00:00Z,2177.8,2197.4,2173.2,2194.45
2024-03-28T00:00:00Z,2192.6,2235.98,2187.16,2232.34
2024-04-01T00:00:00Z,2237.94,2265.49,2228.3,2250.61
2024-04-02T00:00:00Z,2250.47,2280.91,2243.87,2280.42
2024-04-03T00:00:00Z,2280.24,2300.96,2265.37,2299.22
2024-04-04T00:00:00Z,2299.7,2305.39,2279.85,2290.05
2024-04-05T00:00:00Z,2291.04,2330.23,2267.61,2324.48
2024-04-08T00:00:00Z,2320.75,2353.86,2302.63,2339.12
2024-04-09T00:00:00Z,2337.75,2365.17,2336.7,2352.52
2024-04-10T00:00:00Z,2352.57,2359.88,2319.04,2332.92
2024-04-11T00:00:00Z,2333.75,2377.51,2325.48,2371.99
2024-04-12T00:00:00Z,2371.78,2431.31,2333.65,2342.06
2024-04-15T00:00:00Z,2361.98,2387.31,2324.11,2382.99
2024-04-16T00:00:00Z,2381.25,2398.11,2362.8,2382.15
2024-04-17T00:00:00Z,2382.95,2395.41,2352.9,2359.8
2024-04-18T00:00:00Z,2364.21,2392.61,2363.53,2378.48
2024-04-19T00:00:00Z,2378.47,2417.75,2372.69,2388.58
2024-04-22T00:00:00Z,2384.39,2388.4,2324.39,2326.32
2024-04-23T00:00:00Z,2329.02,2334.25,2291.35,2321.76
2024-04-24T00:00:00Z,2322.05,2337.11,2311.58,2315.69
2024-04-25T00:00:00Z,2315.38,2344.72,2304.93,2331.78
2024-04-26T00:00:00Z,2331.96,2352.33,2326.11,2337.94
2024-04-29T00:00:00Z,2335.67,2346.54,2319.58,2335.19
2024-04-30T00:00:00Z,2335.03,2336.15,2284.95,2285.57
2024-05-01T00:00:00Z,2286.35,2328.14,2281.48,2317.88
2024-05-02T00:00:00Z,2319.63,2326.26,2285.33,2303.5
2024-05-03T00:00:00Z,2304.07,2320.69,2277.13,2300.78
2024-05-06T00:00:00Z,2303.1,2331.8,2291.66,2323.84
2024-05-07T00:00:00Z,2324.63,2329.78,2309.86,2313.9
2024-05-08T00:00:00Z,2314.4,2321.25,2303.59,2308.57
2024-05-09T00:00:00Z,2308.65,2347.06,2306.58,2345.56
2024-05-10T00:00:00Z,2345.85,2378.26,2345.13,2363.59
2024-05-13T00:00:00Z,2361.93,2364.31,2332.07,2335.84
2024-05-14T00:00:00Z,2336.61,2359.47,2334.65,2358.25
2024-05-15T00:00:00Z,2357.7,2390.09,2351.65,2386.28
2024-05-16T00:00:00Z,2386.59,2397.15,2370.8,2376.49
2024-05-17T00:00:00Z,2377.97,2418.98,2373.77,2415.68
2024-05-20T00:00:00Z,2421.66,2449.88,2407.13,2425.06
2024-05-21T00:00:00Z,2427.49,2433.73,2406.0,2420.75
2024-05-22T00:00:00Z,2420.71,2426.38,2374.74,2378.29
2024-05-23T00:00:00Z,2377.1,2383.58,2326.84,2328.22
2024-05-24T00:00:00Z,2329.03,2347.28,2325.22,2334.43
2024-05-27T00:00:00Z,2335.93,2358.33,2332.08,2352.87
2024-05-28T00:00:00Z,2352.43,2363.88,2340.05,2361.11
2024-05-29T00:00:00Z,2358.95,2361.28,2334.46,2338.43
2024-05-30T00:00:00Z,2338.1,2351.61,2322.51,2343.0
2024-05-31T00:00:00Z,2343.8,2359.53,2320.35,2327.87
2024-06-03T00:00:00Z,2328.45,2354.52,2314.55,2350.61
2024-06-04T00:00:00Z,2351.79,2352.62,2315.43,2326.78
2024-06-05T00:00:00Z,2327.04,2357.22,2325.72,2354.84
2024-06-06T00:00:00Z,2356.9,2378.37,2353.36,2375.67
2024-06-07T00:00:00Z,2376.79,2387.54,2286.61,2290.84
2024-06-10T00:00:00Z,2293.84,2313.6,2287.56,2310.58
2024-06-11T00:00:00Z,2311.68,2319.73,2297.57,2316.53
2024-06-12T00:00:00Z,2316.42,2341.46,2310.58,2324.23
2024-06-13T00:00:00Z,2324.48,2326.4,2295.41,2303.79
2024-06-14T00:00:00Z,2303.51,2336.45,2301.36,2331.51
2024-06-17T00:00:00Z,2330.63,2333.06,2309.77,2319.02
2024-06-18T00:00:00Z,2320.14,2332.95,2306.41,2329.29
2024-06-19T00:00:00Z,2329.77,2334.8,2323.59,2328.03
2024-06-20T00:00:00Z,2329.7,2365.28,2321.61,2359.81
2024-06-21T00:00:00Z,2359.72,2368.49,2316.56,2321.15
2024-06-24T00:00:00Z,2321.26,2334.55,2317.5,2333.65
2024-06-25T00:00:00Z,2333.96,2336.96,2315.38,2319.43
2024-06-26T00:00:00Z,2319.31,2323.67,2293.47,2297.78
2024-06-27T00:00:00Z,2298.53,2330.77,2296.36,2327.66
2024-06-28T00:00:00Z,2327.27,2339.56,2318.87,2324.87
2024-07-01T00:00:00Z,2326.08,2338.33,2318.35,2331.56
2024-07-02T00:00:00Z,2331.92,2336.64,2318.96,2329.43
2024-07-03T00:00:00Z,2330.38,2364.77,2326.71,2356.08
2024-07-04T00:00:00Z,2357.0,2362.34,2350.3,2357.03
2024-07-05T00:00:00Z,2357.18,2392.72,2344.98,2388.67
2024-07-08T00:00:00Z,2386.75,2390.92,2350.86,2358.53
2024-07-09T00:00:00Z,2358.95,2371.3,2349.25,2363.6
2024-07-10T00:00:00Z,2364.03,2386.48,2362.95,2371.09
2024-07-11T00:00:00Z,2371.94,2424.27,2371.0,2414.9
2024-07-12T00:00:00Z,2414.01,2418.02,2391.24,2411.54
2024-07-15T00:00:00Z,2412.28,2439.52,2401.12,2422.02
2024-07-16T00:00:00Z,2421.53,2469.43,2419.76,2468.71
2024-07-17T00:00:00Z,2468.57,2483.4,2451.31,2458.46
2024-07-18T00:00:00Z,2458.4,2474.69,2440.12,2444.67
2024-07-19T00:00:00Z,2444.22,2445.06,2393.65,2399.66
2024-07-22T00:00:00Z,2402.1,2411.93,2383.59,2396.3
2024-07-23T00:00:00Z,2397.03,2411.78,2388.04,2409.19
2024-07-24T00:00:00Z,2408.36,2431.77,2396.88,2397.05
2024-07-25T00:00:00Z,2397.29,2400.97,2352.93,2364.8
2024-07-26T00:00:00Z,2364.1,2390.52,2355.65,2386.18
2024-07-29T00:00:00Z,2389.28,2402.98,2369.47,2383.71
2024-07-30T00:00:00Z,2382.53,2412.52,2376.29,2410.61
2024-07-31T00:00:00Z,2409.25,2450.65,2403.59,2447.21
2024-08-01T00:00:00Z,2448.87,2462.0,2430.07,2445.88
2024-08-02T00:00:00Z,2446.79,2477.37,2410.57,2437.07
2024-08-05T00:00:00Z,2447.54,2458.6,2364.08,2409.15
2024-08-06T00:00:00Z,2410.85,2418.09,2381.55,2389.23
2024-08-07T00:00:00Z,2389.5,2406.81,2378.77,2382.44
2024-08-08T00:00:00Z,2381.35,2427.48,2380.78,2426.88
2024-08-09T00:00:00Z,2426.8,2436.8,2416.66,2429.22
2024-08-12T00:00:00Z,2428.0,2472.92,2423.59,2471.91
2024-08-13T00:00:00Z,2470.3,2476.74,2458.25,2464.91
2024-08-14T00:00:00Z,2466.49,2479.25,2437.89,2447.9
2024-08-15T00:00:00Z,2447.72,2469.83,2431.99,2456.15
2024-08-16T00:00:00Z,2455.64,2509.52,2450.46,2507.05
2024-08-19T00:00:00Z,2508.82,2510.07,2485.47,2503.79
2024-08-20T00:00:00Z,2503.32,2531.41,2497.11,2513.25
2024-08-21T00:00:00Z,2513.21,2519.69,2493.77,2511.99
2024-08-22T00:00:00Z,2510.97,2514.41,2470.54,2484.19
2024-08-23T00:00:00Z,2484.59,2518.09,2484.14,2510.72
2024-08-26T00:00:00Z,2511.34,2526.54,2508.5,2517.89
2024-08-27T00:00:00Z,2517.5,2525.69,2503.27,2524.46
2024-08-28T00:00:00Z,2524.83,2528.75,2493.39,2504.32
2024-08-29T00:00:00Z,2505.08,2528.42,2503.39,2521.13
2024-08-30T00:00:00Z,2520.4,2526.61,2493.97,2502.76
2024-09-02T00:00:00Z,2502.59,2507.02,2489.87,2499.05
2024-09-03T00:00:00Z,2499.49,2506.01,2473.24,2492.44
2024-09-04T00:00:00Z,2492.34,2499.95,2471.62,2495.54
2024-09-05T00:00:00Z,2494.98,2523.12,2493.57,2516.34
2024-09-06T00:00:00Z,2516.58,2528.98,2484.9,2495.2
2024-09-09T00:00:00Z,2496.82,2506.94,2485.29,2505.5
2024-09-10T00:00:00Z,2506.23,2518.24,2499.91,2516.21
2024-09-11T00:00:00Z,2516.39,2528.71,2500.78,2511.11
2024-09-12T00:00:00Z,2512.85,2559.83,2510.8,2558.55
2024-09-13T00:00:00Z,2557.73,2585.83,2556.48,2580.55
2024-09-16T00:00:00Z,2578.36,2589.4,2574.98,2582.67
2024-09-17T00:00:00Z,2582.29,2586.66,2560.48,2569.47
2024-09-18T00:00:00Z,2569.35,2599.92,2546.68,2558.96
2024-09-19T00:00:00Z,2558.26,2594.67,2551.08,2586.42
2024-09-20T00:00:00Z,2586.32,2625.46,2584.55,2619.73
2024-09-23T00:00:00Z,2619.62,2634.6,2613.58,2628.08
2024-09-24T00:00:00Z,2627.12,2664.08,2622.37,2656.6
2024-09-25T00:00:00Z,2658.55,2670.25,2649.58,2657.05
2024-09-26T00:00:00Z,2657.1,2685.29,2654.55,2671.91
2024-09-27T00:00:00Z,2671.62,2673.99,2642.84,2652.16
2024-09-30T00:00:00Z,2659.92,2665.76,2624.47,2634.6
2024-10-01T00:00:00Z,2632.87,2672.77,2631.97,2663.1
2024-10-02T00:00:00Z,2662.02,2662.97,2640.89,2658.53
2024-10-03T00:00:00Z,2658.72,2662.7,2634.68,2655.55
2024-10-04T00:00:00Z,2656.77,2669.87,2631.76,2650.89
2024-10-07T00:00:00Z,2649.65,2659.3,2637.48,2642.32
2024-10-08T00:00:00Z,2642.53,2652.68,2604.5,2621.73
2024-10-09T00:00:00Z,2621.74,2624.03,2604.89,2607.55
2024-10-10T00:00:00Z,2608.13,2631.29,2603.88,2629.31
2024-10-11T00:00:00Z,2628.8,2661.16,2627.84,2655.27
2024-10-14T00:00:00Z,2652.15,2666.5,2642.93,2648.9
2024-10-15T00:00:00Z,2647.82,2668.69,2637.83,2662.7
2024-10-16T00:00:00Z,2662.11,2685.02,2658.46,2673.47
2024-10-17T00:00:00Z,2673.8,2696.46,2672.78,2692.48
2024-10-18T00:00:00Z,2692.31,2721.77,2692.09,2721.39
2024-10-21T00:00:00Z,2721.41,2740.26,2713.97,2719.62
2024-10-22T00:00:00Z,2719.06,2748.62,2718.81,2748.36
2024-10-23T00:00:00Z,2747.76,2758.2,2708.51,2715.22
2024-10-24T00:00:00Z,2716.04,2742.96,2715.84,2735.66
2024-10-25T00:00:00Z,2735.3,2744.77,2716.68,2744.56
2024-10-28T00:00:00Z,2735.18,2745.66,2724.43,2742.06
2024-10-29T00:00:00Z,2741.46,2774.57,2739.54,2774.17
2024-10-30T00:00:00Z,2773.16,2789.72,2770.61,2785.01
2024-10-31T00:00:00Z,2787.08,2789.84,2731.3,2743.5
2024-11-01T00:00:00Z,2744.01,2761.87,2732.93,2734.28
2024-11-04T00:00:00Z,2733.36,2747.85,2728.6,2736.2
2024-11-05T00:00:00Z,2736.87,2749.73,2724.46,2743.51
2024-11-06T00:00:00Z,2742.62,2749.4,2652.18,2658.85
2024-11-07T00:00:00Z,2660.86,2709.93,2643.24,2706.79
2024-11-08T00:00:00Z,2704.09,2710.1,2680.1,2683.19
2024-11-11T00:00:00Z,2683.9,2685.88,2610.32,2619.5
2024-11-12T00:00:00Z,2619.55,2626.84,2589.45,2598.08
2024-11-13T00:00:00Z,2597.72,2618.79,2572.42,2572.66
2024-11-14T00:00:00Z,2571.7,2581.12,2536.64,2565.14
2024-11-15T00:00:00Z,2564.9,2575.76,2554.31,2561.5
2024-11-18T00:00:00Z,2567.48,2614.82,2566.35,2611.59
2024-11-19T00:00:00Z,2610.72,2639.2,2610.13,2631.95
2024-11-20T00:00:00Z,2632.09,2655.15,2618.56,2649.65
2024-11-21T00:00:00Z,2650.89,2673.25,2648.59,2669.25
2024-11-22T00:00:00Z,2669.32,2711.21,2667.89,2708.95
2024-11-25T00:00:00Z,2708.71,2720.95,2615.39,2625.35
2024-11-26T00:00:00Z,2626.41,2641.66,2604.93,2632.52
2024-11-27T00:00:00Z,2630.2,2657.99,2626.83,2635.38
2024-11-28T00:00:00Z,2637.22,2649.33,2620.74,2637.27
2024-11-29T00:00:00Z,2638.7,2666.04,2633.77,2653.54
2024-12-02T00:00:00Z,2650.14,2651.38,2621.65,2638.63
2024-12-03T00:00:00Z,2638.24,2655.24,2633.84,2643.42
2024-12-04T00:00:00Z,2642.67,2656.83,2632.18,2649.69
2024-12-05T00:00:00Z,2648.96,2655.25,2623.27,2631.57
2024-12-06T00:00:00Z,2631.77,2645.33,2613.36,2631.36
2024-12-09T00:00:00Z,2644.97,2676.16,2627.27,2660.02
2024-12-10T00:00:00Z,2660.82,2695.26,2657.73,2693.56
2024-12-11T00:00:00Z,2693.51,2720.93,2673.52,2717.9
2024-12-12T00:00:00Z,2716.12,2725.88,2674.88,2680.4
2024-12-13T00:00:00Z,2680.48,2692.51,2645.81,2648.96
2024-12-16T00:00:00Z,2648.74,2664.22,2643.07,2652.59
2024-12-17T00:00:00Z,2652.55,2658.42,2632.77,2645.54
2024-12-18T00:00:00Z,2645.92,2651.48,2583.61,2585.68
2024-12-19T00:00:00Z,2585.02,2626.19,2585.02,2593.7
2024-12-20T00:00:00Z,2594.17,2631.7,2589.3,2620.53
2024-12-23T00:00:00Z,2623.44,2633.04,2607.93,2613.03
2024-12-24T00:00:00Z,2612.33,2621.13,2609.8,2616.47
2024-12-26T00:00:00Z,2615.24,2638.88,2612.48,2633.61
2024-12-27T00:00:00Z,2631.18,2637.99,2611.42,2616.0
2024-12-30T00:00:00Z,2620.31,2627.8,2595.86,2605.92
2024-12-31T00:00:00Z,2606.33,2627.26,2602.37,2624.17
2025-01-02T00:00:00Z,2624.94,2660.15,2621.47,2657.28
2025-01-03T00:00:00Z,2657.15,2664.95,2636.69,2637.35
2025-01-06T00:00:00Z,2640.49,2649.08,2614.63,2635.77
2025-01-07T00:00:00Z,2635.51,2663.96,2632.7,2648.51
2025-01-08T00:00:00Z,2648.91,2669.63,2645.06,2661.42
2025-01-09T00:00:00Z,2662.09,2678.1,2655.33,2669.89
2025-01-10T00:00:00Z,2670.67,2697.64,2663.72,2690.48
2025-01-13T00:00:00Z,2688.31,2693.08,2656.58,2663.44
2025-01-14T00:00:00Z,2662.81,2678.0,2659.28,2676.82
2025-01-15T00:00:00Z,2677.27,2697.03,2669.14,2696.45
2025-01-16T00:00:00Z,2694.87,2724.38,2689.76,2714.25
2025-01-17T00:00:00Z,2714.17,2717.04,2698.86,2701.57
2025-01-20T00:00:00Z,2703.33,2713.47,2689.14,2707.18
2025-01-21T00:00:00Z,2707.15,2745.66,2702.39,2744.28
2025-01-22T00:00:00Z,2744.34,2763.19,2741.61,2755.94
2025-01-23T00:00:00Z,2756.37,2758.57,2735.65,2754.11
2025-01-24T00:00:00Z,2754.36,2785.61,2753.36,2771.17
2025-01-27T00:00:00Z,2768.41,2772.32,2730.23,2740.26
2025-01-28T00:00:00Z,2740.1,2764.7,2734.18,2763.27
2025-01-29T00:00:00Z,2762.64,2765.97,2744.64,2759.02
2025-01-30T00:00:00Z,2759.13,2798.15,2757.94,2793.69
2025-01-31T00:00:00Z,2794.33,2816.82,2790.77,2801.4
2025-02-03T00:00:00Z,2802.25,2830.29,2771.88,2814.26
2025-02-04T00:00:00Z,2812.96,2844.97,2806.94,2841.81
2025-02-05T00:00:00Z,2841.1,2882.03,2839.56,2866.99
2025-02-06T00:00:00Z,2867.1,2872.93,2833.93,2855.82
2025-02-07T00:00:00Z,2855.67,2886.41,2852.44,2862.53
2025-02-10T00:00:00Z,2859.47,2911.31,2858.76,2907.83
2025-02-11T00:00:00Z,2908.36,2942.29,2881.47,2897.62
2025-02-12T00:00:00Z,2897.79,2908.67,2863.93,2903.88
2025-02-13T00:00:00Z,2904.55,2929.25,2900.18,2928.2
2025-02-14T00:00:00Z,2927.4,2939.63,2876.73,2883.31
2025-02-17T00:00:00Z,2884.83,2906.06,2878.21,2898.28
2025-02-18T00:00:00Z,2898.76,2936.61,2891.78,2935.12
2025-02-19T00:00:00Z,2934.03,2946.73,2918.32,2932.54
2025-02-20T00:00:00Z,2933.21,2954.47,2924.08,2938.26
2025-02-21T00:00:00Z,2938.33,2949.41,2916.51,2935.89
2025-02-24T00:00:00Z,2934.53,2955.88,2921.05,2952.25
2025-02-25T00:00:00Z,2952.91,2953.38,2888.19,2914.79
2025-02-26T00:00:00Z,2914.04,2929.72,2890.56,2916.18
2025-02-27T00:00:00Z,2916.51,2920.42,2867.7,2876.9
2025-02-28T00:00:00Z,2876.3,2884.8,2832.19,2856.63
2025-03-03T00:00:00Z,2856.91,2894.91,2856.91,2893.23
2025-03-04T00:00:00Z,2892.02,2927.45,2881.66,2917.28
2025-03-05T00:00:00Z,2917.76,2929.57,2894.07,2918.86
2025-03-06T00:00:00Z,2918.44,2926.25,2891.13,2910.62
2025-03-07T00:00:00Z,2911.52,2929.89,2896.86,2911.09
2025-03-10T00:00:00Z,2910.41,2918.01,2879.97,2888.76
2025-03-11T00:00:00Z,2888.41,2921.66,2880.03,2915.65
2025-03-12T00:00:00Z,2915.47,2940.16,2905.81,2932.96
2025-03-13T00:00:00Z,2933.53,2988.73,2932.67,2988.64
2025-03-14T00:00:00Z,2988.33,3004.51,2978.22,2982.6
2025-03-17T00:00:00Z,2984.39,3001.54,2981.95,3001.1
2025-03-18T00:00:00Z,3001.22,3037.93,2999.04,3033.7
2025-03-19T00:00:00Z,3033.89,3051.52,3022.61,3046.92
2025-03-20T00:00:00Z,3048.37,3057.04,3025.4,3044.27
2025-03-21T00:00:00Z,3044.43,3047.14,2999.06,3022.74
2025-03-24T00:00:00Z,3022.02,3032.91,3002.21,3011.62
2025-03-25T00:00:00Z,3011.46,3035.51,3007.23,3020.04
2025-03-26T00:00:00Z,3020.2,3031.69,3012.07,3018.75
2025-03-27T00:00:00Z,3020.41,3059.16,3017.32,3056.28
2025-03-28T00:00:00Z,3056.25,3086.38,3053.7,3082.11
2025-03-31T00:00:00Z,3086.85,3127.48,3076.45,3123.74
2025-04-01T00:00:00Z,3124.9,3148.57,3100.6,3113.95
2025-04-02T00:00:00Z,3113.76,3142.18,3104.56,3133.69
2025-04-03T00:00:00Z,3129.07,3167.38,3053.97,3113.02
2025-04-04T00:00:00Z,3113.83,3136.18,3015.62,3037.79
2025-04-07T00:00:00Z,3030.73,3055.11,2956.47,2981.94
2025-04-08T00:00:00Z,2982.92,3022.33,2974.53,2982.07
2025-04-09T00:00:00Z,2984.87,3099.17,2969.65,3082.5
2025-04-10T00:00:00Z,3080.18,3176.06,3071.19,3175.48
2025-04-11T00:00:00Z,3176.61,3245.03,3176.06,3234.44
2025-04-14T00:00:00Z,3220.95,3245.3,3193.27,3210.08
2025-04-15T00:00:00Z,3211.61,3233.18,3209.69,3229.37
2025-04-16T00:00:00Z,3229.88,3342.31,3229.61,3341.95
2025-04-17T00:00:00Z,3343.39,3357.35,3283.74,3327.24
2025-04-21T00:00:00Z,3333.7,3430.13,3331.11,3424.46
2025-04-22T00:00:00Z,3423.01,3499.49,3366.59,3381.2
2025-04-23T00:00:00Z,3331.67,3386.18,3260.04,3287.96
2025-04-24T00:00:00Z,3298.66,3366.91,3298.01,3349.03
2025-04-25T00:00:00Z,3351.1,3370.29,3264.84,3307.92
2025-04-28T00:00:00Z,3335.68,3352.64,3267.95,3343.8
2025-04-29T00:00:00Z,3345.9,3348.26,3299.4,3317.05
2025-04-30T00:00:00Z,3316.73,3327.8,3267.18,3288.04
2025-05-01T00:00:00Z,3287.89,3290.09,3201.74,3237.86
2025-05-02T00:00:00Z,3240.68,3268.88,3222.5,3237.5
2025-05-05T00:00:00Z,3243.01,3337.18,3237.37,3333.68
2025-05-06T00:00:00Z,3336.13,3434.55,3321.88,3430.13
2025-05-07T00:00:00Z,3430.05,3430.05,3360.06,3363.89
2025-05-08T00:00:00Z,3367.98,3414.27,3288.56,3306.05
2025-05-09T00:00:00Z,3308.1,3347.03,3274.46,3329.47
2025-05-12T00:00:00Z,3293.76,3299.76,3207.49,3233.99
2025-05-13T00:00:00Z,3239.56,3265.1,3215.65,3249.41
2025-05-14T00:00:00Z,3251.51,3256.72,3167.65,3178.19
2025-05-15T00:00:00Z,3178.68,3240.29,3120.62,3240.11
2025-05-16T00:00:00Z,3237.45,3251.76,3154.14,3194.96
2025-05-19T00:00:00Z,3209.8,3249.5,3206.33,3230.03
2025-05-20T00:00:00Z,3227.98,3295.33,3204.25,3289.82
2025-05-21T00:00:00Z,3291.03,3324.46,3285.3,3315.39
2025-05-22T00:00:00Z,3319.03,3344.96,3279.24,3294.16
2025-05-23T00:00:00Z,3295.33,3365.48,3286.71,3360.78
2025-05-26T00:00:00Z,3351.96,3356.22,3323.8,3341.96
2025-05-27T00:00:00Z,3342.99,3349.66,3285.46,3299.94
2025-05-28T00:00:00Z,3302.6,3325.05,3276.62,3286.45
2025-05-29T00:00:00Z,3286.49,3330.56,3245.14,3317.01
2025-05-30T00:00:00Z,3320.49,3322.34,3271.42,3289.79
2025-06-02T00:00:00Z,3295.65,3382.48,3295.47,3381.31
2025-06-03T00:00:00Z,3382.04,3391.75,3332.83,3353.05
2025-06-04T00:00:00Z,3355.32,3384.26,3343.53,3373.28
2025-06-05T00:00:00Z,3373.27,3402.96,3339.38,3352.42
2025-06-06T00:00:00Z,3353.65,3375.14,3306.8,3310.74
2025-06-09T00:00:00Z,3316.83,3337.76,3293.39,3325.36
2025-06-10T00:00:00Z,3326.65,3348.73,3301.64,3322.28
2025-06-11T00:00:00Z,3321.27,3360.29,3315.18,3355.18
2025-06-12T00:00:00Z,3357.91,3398.43,3338.28,3385.48
2025-06-13T00:00:00Z,3385.5,3446.29,3379.5,3432.56
2025-06-16T00:00:00Z,3437.28,3450.95,3382.62,3384.58
2025-06-17T00:00:00Z,3386.02,3402.97,3365.89,3388.41
2025-06-18T00:00:00Z,3392.48,3399.67,3362.06,3368.16
2025-06-19T00:00:00Z,3369.96,3387.48,3347.29,3370.03
2025-06-20T00:00:00Z,3368.29,3374.11,3340.18,3367.97
2025-06-23T00:00:00Z,3392.73,3394.55,3346.79,3368.12
2025-06-24T00:00:00Z,3366.96,3366.96,3295.36,3322.68
2025-06-25T00:00:00Z,3324.35,3336.7,3311.67,3331.91
2025-06-26T00:00:00Z,3333.45,3349.86,3309.75,3327.9
2025-06-27T00:00:00Z,3326.84,3326.89,3255.63,3273.27
2025-06-30T00:00:00Z,3278.46,3309.08,3248.54,3302.82
2025-07-01T00:00:00Z,3302.63,3357.56,3302.05,3338.57
2025-07-02T00:00:00Z,3337.07,3359.59,3327.32,3356.75
2025-07-03T00:00:00Z,3358.51,3365.37,3311.34,3326.42
2025-07-04T00:00:00Z,3326.13,3344.7,3323.27,3336.2
2025-07-07T00:00:00Z,3337.1,3342.16,3296.08,3336.19
2025-07-08T00:00:00Z,3340.11,3345.42,3286.96,3301.18
2025-07-09T00:00:00Z,3302.69,3316.49,3282.48,3313.46
2025-07-10T00:00:00Z,3314.0,3329.91,3309.77,3324.1
2025-07-11T00:00:00Z,3324.74,3368.34,3321.49,3354.05
2025-07-14T00:00:00Z,3367.39,3374.53,3340.77,3342.42
2025-07-15T00:00:00Z,3343.09,3365.91,3319.91,3324.87
2025-07-16T00:00:00Z,3324.49,3376.81,3319.43,3347.15
2025-07-17T00:00:00Z,3349.57,3351.9,3309.54,3338.42
2025-07-18T00:00:00Z,3339.69,3360.83,3331.5,3349.5
2025-07-21T00:00:00Z,3348.83,3401.03,3344.66,3397.11
2025-07-22T00:00:00Z,3398.1,3433.07,3383.0,3430.75
2025-07-23T00:00:00Z,3431.29,3438.58,3381.23,3386.59
2025-07-24T00:00:00Z,3388.81,3393.11,3351.11,3367.86
2025-07-25T00:00:00Z,3367.72,3373.15,3324.79,3336.96
2025-07-28T00:00:00Z,3325.9,3344.92,3301.5,3314.53
2025-07-29T00:00:00Z,3313.68,3333.71,3307.59,3325.97
2025-07-30T00:00:00Z,3326.95,3333.63,3267.81,3274.92
2025-07-31T00:00:00Z,3275.09,3314.41,3273.71,3290.3
2025-08-01T00:00:00Z,3289.54,3360.88,3281.36,3360.09
2025-08-04T00:00:00Z,3364.57,3384.98,3344.72,3373.26
2025-08-05T00:00:00Z,3374.89,3390.11,3349.56,3380.55
2025-08-06T00:00:00Z,3381.35,3385.08,3357.96,3368.7
2025-08-07T00:00:00Z,3371.16,3401.47,3365.15,3395.98
2025-08-08T00:00:00Z,3401.8,3408.67,3378.16,3395.1
2025-08-11T00:00:00Z,3401.2,3404.41,3341.14,3342.39
2025-08-12T00:00:00Z,3342.85,3358.56,3330.79,3347.68
2025-08-13T00:00:00Z,3349.27,3370.33,3342.34,3355.5
2025-08-14T00:00:00Z,3357.27,3374.52,3329.56,3334.93
2025-08-15T00:00:00Z,3336.62,3348.36,3331.93,3336.53
2025-08-18T00:00:00Z,3335.72,3358.02,3322.92,3332.3
2025-08-19T00:00:00Z,3333.4,3344.94,3314.63,3315.07
2025-08-20T00:00:00Z,3316.31,3349.68,3311.22,3347.97
2025-08-21T00:00:00Z,3350.27,3351.72,3325.14,3338.13
2025-08-22T00:00:00Z,3338.67,3378.4,3321.15,3370.88
2025-08-25T00:00:00Z,3370.64,3375.8,3359.45,3365.24
2025-08-26T00:00:00Z,3364.84,3393.15,3351.06,3393.03
2025-08-27T00:00:00Z,3391.87,3398.36,3373.11,3396.95
2025-08-28T00:00:00Z,3397.73,3422.78,3384.25,3416.53
2025-08-29T00:00:00Z,3416.25,3453.47,3403.99,3449.69
2025-09-01T00:00:00Z,3445.95,3489.28,3436.72,3476.0
2025-09-02T00:00:00Z,3474.92,3539.6,3470.02,3533.33
2025-09-03T00:00:00Z,3531.73,3578.05,3526.12,3559.25
2025-09-04T00:00:00Z,3560.59,3563.85,3511.39,3545.31
2025-09-05T00:00:00Z,3543.96,3599.71,3539.75,3589.72
2025-09-08T00:00:00Z,3587.48,3645.99,3579.31,3634.93
2025-09-09T00:00:00Z,3634.38,3673.28,3626.35,3626.46
2025-09-10T00:00:00Z,3624.08,3657.05,3619.78,3639.77
2025-09-11T00:00:00Z,3642.91,3648.63,3613.95,3633.06
2025-09-12T00:00:00Z,3634.3,3656.24,3630.17,3642.46
2025-09-15T00:00:00Z,3644.65,3685.16,3626.3,3678.56
2025-09-16T00:00:00Z,3680.65,3702.59,3674.46,3689.54
2025-09-17T00:00:00Z,3689.8,3706.97,3645.88,3659.31
2025-09-18T00:00:00Z,3660.75,3672.6,3627.66,3643.89
2025-09-19T00:00:00Z,3643.2,3684.78,3631.99,3682.78
2025-09-22T00:00:00Z,3684.71,3748.36,3683.35,3746.53
2025-09-23T00:00:00Z,3745.01,3790.54,3736.25,3763.55
2025-09-24T00:00:00Z,3766.21,3778.81,3717.18,3735.98
2025-09-25T00:00:00Z,3739.23,3761.08,3721.78,3749.31
2025-09-26T00:00:00Z,3748.89,3783.31,3734.13,3765.7
2025-09-29T00:00:00Z,3762.12,3833.52,3762.12,3833.5
2025-09-30T00:00:00Z,3830.04,3871.23,3792.84,3858.61
2025-10-01T00:00:00Z,3858.57,3894.88,3853.07,3864.09
2025-10-02T00:00:00Z,3869.2,3896.22,3818.96,3854.91
2025-10-03T00:00:00Z,3856.76,3891.2,3837.77,3883.89
2025-10-06T00:00:00Z,3886.3,3969.55,3883.58,3960.74
2025-10-07T00:00:00Z,3958.85,3990.58,3940.57,3984.09
2025-10-08T00:00:00Z,3984.61,4058.73,3982.76,4041.32
2025-10-09T00:00:00Z,4038.62,4057.39,3944.64,3975.66
2025-10-10T00:00:00Z,3980.85,4022.18,3946.71,4011.86
2025-10-13T00:00:00Z,4022.22,4116.45,4006.63,4110.92
2025-10-14T00:00:00Z,4108.57,4179.1,4090.11,4143.3
2025-10-15T00:00:00Z,4144.31,4217.75,4140.25,4207.73
2025-10-16T00:00:00Z,4209.54,4330.13,4199.62,4328.77
2025-10-17T00:00:00Z,4334.97,4378.76,4186.11,4245.27
2025-10-20T00:00:00Z,4241.92,4380.85,4218.41,4355.71
2025-10-21T00:00:00Z,4358.31,4374.71,4081.7,4125.04
2025-10-22T00:00:00Z,4125.92,4160.85,4002.94,4097.76
2025-10-23T00:00:00Z,4103.87,4154.23,4065.43,4125.09
2025-10-24T00:00:00Z,4128.91,4143.85,4044.2,4099.45
2025-10-27T00:00:00Z,4063.38,4108.74,3971.06,3982.32
2025-10-28T00:00:00Z,3982.66,4019.17,3886.15,3951.8
2025-10-29T00:00:00Z,3947.52,4029.6,3921.54,3928.56
2025-10-30T00:00:00Z,3924.37,4026.57,3915.04,4024.13
2025-10-31T00:00:00Z,4020.36,4045.62,3972.25,4001.62
2025-11-03T00:00:00Z,3989.53,4029.97,3962.24,4000.4
2025-11-04T00:00:00Z,4000.24,4005.09,3928.49,3931.86
2025-11-05T00:00:00Z,3931.87,3989.9,3929.51,3978.64
2025-11-06T00:00:00Z,3972.34,4019.09,3964.2,3976.74
2025-11-07T00:00:00Z,3973.77,4026.89,3973.46,4001.56
2025-11-10T00:00:00Z,4001.02,4116.13,3998.58,4115.13
2025-11-11T00:00:00Z,4116.05,4148.44,4096.74,4125.79
2025-11-12T00:00:00Z,4129.99,4211.25,4098.54,4194.07
2025-11-13T00:00:00Z,4199.88,4244.66,4145.12,4171.1
2025-11-14T00:00:00Z,4170.2,4210.75,4031.84,4082.38
2025-11-17T00:00:00Z,4081.68,4106.21,4006.65,4045.16
2025-11-18T00:00:00Z,4049.79,4081.71,3997.6,4066.8
2025-11-19T00:00:00Z,4067.12,4132.27,4055.19,4077.49
2025-11-20T00:00:00Z,4077.01,4109.61,4038.46,4076.77
2025-11-21T00:00:00Z,4072.66,4100.6,4022.31,4061.67
2025-11-24T00:00:00Z,4068.7,4139.44,4039.76,4133.72
2025-11-25T00:00:00Z,4131.8,4158.75,4109.18,4130.32
2025-11-26T00:00:00Z,4133.87,4172.81,4129.39,4163.57
2025-11-27T00:00:00Z,4162.82,4168.31,4142.27,4157.12
2025-11-28T00:00:00Z,4158.67,4226.23,4128.78,4218.85
2025-12-01T00:00:00Z,4226.63,4264.05,4203.91,4231.53
2025-12-02T00:00:00Z,4229.31,4235.38,4163.45,4205.26
2025-12-03T00:00:00Z,4204.38,4240.94,4194.12,4202.39
2025-12-04T00:00:00Z,4204.54,4218.82,4174.96,4208.13
2025-12-05T00:00:00Z,4206.1,4258.78,4191.57,4196.2
2025-12-08T00:00:00Z,4205.42,4218.43,4176.04,4190.12
2025-12-09T00:00:00Z,4191.03,4220.86,4169.79,4208.15
2025-12-10T00:00:00Z,4209.76,4238.16,4181.5,4228.27
2025-12-11T00:00:00Z,4229.28,4285.33,4203.88,4279.53
2025-12-12T00:00:00Z,4281.34,4352.86,4257.69,4302.47
2025-12-15T00:00:00Z,4297.25,4349.74,4285.07,4304.96
2025-12-16T00:00:00Z,4305.9,4334.55,4271.46,4301.87
2025-12-17T00:00:00Z,4302.22,4348.29,4301.18,4337.9
2025-12-18T00:00:00Z,4334.34,4374.05,4308.39,4331.82
2025-12-19T00:00:00Z,4334.08,4356.0,4308.86,4337.27
2025-12-22T00:00:00Z,4336.67,4448.61,4336.3,4443.29
2025-12-23T00:00:00Z,4446.07,4499.28,4430.31,4483.79
2025-12-24T00:00:00Z,4485.19,4525.19,4448.16,4478.59
2025-12-26T00:00:00Z,4478.82,4549.32,4478.19,4530.76
2025-12-29T00:00:00Z,4545.3,4546.86,4307.77,4331.07
2025-12-30T00:00:00Z,4334.35,4403.68,4323.44,4338.34
2025-12-31T00:00:00Z,4341.6,4372.62,4274.13,4318.42
2026-01-02T00:00:00Z,4329.45,4401.74,4309.58,4328.41
2026-01-05T00:00:00Z,4351.13,4455.07,4341.9,4448.18
2026-01-06T00:00:00Z,4454.46,4496.77,4427.54,4493.96
2026-01-07T00:00:00Z,4496.91,4499.84,4423.09,4455.19
2026-01-08T00:00:00Z,4461.34,4479.01,4407.35,4476.95
2026-01-09T00:00:00Z,4479.94,4516.55,4452.47,4509.14
2026-01-12T00:00:00Z,4515.55,4629.55,4507.49,4596.33
2026-01-13T00:00:00Z,4599.81,4633.55,4569.59,4586.08
2026-01-14T00:00:00Z,4590.5,4642.38,4588.25,4625.54
2026-01-15T00:00:00Z,4624.27,4626.03,4580.8,4615.12
2026-01-16T00:00:00Z,4615.9,4620.37,4536.39,4591.87
2026-01-19T00:00:00Z,4632.82,4689.99,4621.58,4670.13
2026-01-20T00:00:00Z,4676.19,4765.67,4659.07,4762.71
2026-01-21T00:00:00Z,4758.59,4887.69,4755.71,4828.19
2026-01-22T00:00:00Z,4823.77,4940.13,4772.16,4935.99
2026-01-23T00:00:00Z,4943.85,4989.15,4899.4,4981.45
2026-01-26T00:00:00Z,5005.0,5110.36,4990.14,5008.71
2026-01-27T00:00:00Z,5019.58,5189.74,5013.3,5180.3
2026-01-28T00:00:00Z,5178.99,5418.41,5156.89,5418.36
2026-01-29T00:00:00Z,5423.58,5594.73,5101.06,5372.56
2026-01-30T00:00:00Z,5390.43,5448.29,4677.62,4871.79
2026-02-02T00:00:00Z,4812.04,4882.13,4399.6,4655.73
2026-02-03T00:00:00Z,4685.32,4993.15,4677.73,4945.02
2026-02-04T00:00:00Z,4957.33,5091.47,4854.07,4964.54
2026-02-05T00:00:00Z,4983.28,5023.01,4759.24,4774.74
2026-02-06T00:00:00Z,4759.55,4970.87,4654.61,4953.36
2026-02-09T00:00:00Z,4975.57,5085.68,4962.33,5059.69
2026-02-10T00:00:00Z,5067.76,5077.62,4985.57,5022.41
2026-02-11T00:00:00Z,5027.75,5118.4,5017.02,5081.74
2026-02-12T00:00:00Z,5098.94,5099.56,4877.95,4921.48
2026-02-13T00:00:00Z,4880.87,5045.44,4880.87,5032.56
2026-02-16T00:00:00Z,5007.83,5030.48,4965.7,4992.52
2026-02-17T00:00:00Z,4992.42,4999.31,4838.53,4877.41
2026-02-18T00:00:00Z,4861.58,5010.51,4853.56,4975.63
2026-02-19T00:00:00Z,4974.2,5021.65,4957.28,4995.56
2026-02-20T00:00:00Z,4991.72,5098.22,4981.24,5097.3
2026-02-23T00:00:00Z,5109.82,5236.79,5106.39,5227.27
2026-02-24T00:00:00Z,5230.68,5248.74,5091.04,5143.13
2026-02-25T00:00:00Z,5123.71,5216.98,5119.95,5167.69
2026-02-26T00:00:00Z,5162.18,5204.92,5129.92,5180.87
2026-02-27T00:00:00Z,5186.33,5264.77,5166.33,5261.53
2026-03-02T00:00:00Z,5353.25,5418.34,5259.22,5321.61
2026-03-03T00:00:00Z,5331.8,5379.22,4994.3,5088.53
2026-03-04T00:00:00Z,5106.6,5204.77,5079.6,5134.71
2026-03-05T00:00:00Z,5146.7,5193.69,5051.01,5082.41
2026-03-06T00:00:00Z,5082.59,5174.05,5062.2,5167.03
2026-03-09T00:00:00Z,5173.71,5179.37,5013.36,5136.64
2026-03-10T00:00:00Z,5147.85,5237.95,5116.99,5192.17
2026-03-11T00:00:00Z,5186.02,5222.48,5148.68,5176.57
2026-03-12T00:00:00Z,5181.58,5190.89,5054.19,5078.52
2026-03-13T00:00:00Z,5075.06,5127.73,5009.16,5013.41
2026-03-16T00:00:00Z,5014.02,5037.04,4964.55,5005.79
2026-03-17T00:00:00Z,5009.72,5043.72,4973.12,5002.23
2026-03-18T00:00:00Z,5003.67,5015.6,4806.41,4817.75
2026-03-19T00:00:00Z,4830.83,4866.69,4502.72,4656.89
2026-03-20T00:00:00Z,4659.4,4735.2,4476.59,4500.74
2026-03-23T00:00:00Z,4475.7,4534.98,4097.26,4406.27
2026-03-24T00:00:00Z,4415.28,4483.22,4305.57,4476.5
2026-03-25T00:00:00Z,4474.33,4601.97,4455.55,4505.25
2026-03-26T00:00:00Z,4512.27,4543.3,4350.58,4380.06
2026-03-27T00:00:00Z,4378.68,4554.46,4374.92,4506.26
2026-03-30T00:00:00Z,4478.17,4580.11,4418.78,4510.48
2026-03-31T00:00:00Z,4516.83,4686.35,4482.22,4667.76
2026-04-01T00:00:00Z,4679.79,4792.31,4660.66,4756.12
2026-04-02T00:00:00Z,4755.7,4799.6,4553.4,4675.61
2026-04-06T00:00:00Z,4639.84,4705.55,4599.63,4649.19
2026-04-07T00:00:00Z,4659.31,4718.0,4607.2,4705.71
2026-04-08T00:00:00Z,4739.39,4854.8,4699.15,4718.98
2026-04-09T00:00:00Z,4727.26,4800.52,4697.39,4764.62
2026-04-10T00:00:00Z,4776.52,4794.44,4730.35,4745.12
2026-04-13T00:00:00Z,4667.38,4749.5,4642.21,4740.72
2026-04-14T00:00:00Z,4749.81,4845.66,4743.25,4840.0
2026-04-15T00:00:00Z,4839.8,4870.86,4786.25,4790.69
2026-04-16T00:00:00Z,4795.07,4837.66,4771.96,4789.4
2026-04-17T00:00:00Z,4792.84,4885.27,4767.13,4844.46
2026-04-20T00:00:00Z,4777.03,4827.11,4736.61,4819.96
2026-04-21T00:00:00Z,4828.18,4832.38,4668.0,4718.15
2026-04-22T00:00:00Z,4723.87,4771.52,4714.92,4738.83
2026-04-23T00:00:00Z,4741.96,4752.98,4663.64,4692.28
2026-04-24T00:00:00Z,4698.93,4739.44,4657.44,4707.62
2026-04-27T00:00:00Z,4692.01,4729.23,4666.7,4679.37
2026-04-28T00:00:00Z,4683.7,4700.67,4554.22,4595.68
2026-04-29T00:00:00Z,4597.97,4609.71,4509.71,4542.85
2026-04-30T00:00:00Z,4542.58,4646.29,4538.81,4620.07
2026-05-01T00:00:00Z,4628.77,4659.56,4559.6,4612.91
2026-05-04T00:00:00Z,4623.27,4628.86,4500.44,4522.61
2026-05-05T00:00:00Z,4522.23,4585.88,4513.0,4555.71
2026-05-06T00:00:00Z,4554.11,4722.3,4545.67,4690.01
2026-05-07T00:00:00Z,4695.71,4764.2,4684.62,4687.98
2026-05-08T00:00:00Z,4687.52,4748.97,4681.33,4716.84
2026-05-11T00:00:00Z,4688.15,4747.86,4647.82,4734.59
2026-05-12T00:00:00Z,4739.78,4773.14,4638.02,4714.61
2026-05-13T00:00:00Z,4714.59,4726.37,4669.16,4688.37
2026-05-14T00:00:00Z,4692.55,4718.08,4643.59,4650.76
2026-05-15T00:00:00Z,4646.57,4664.79,4511.37,4539.23
2026-05-18T00:00:00Z,4528.9,4583.78,4479.93,4565.65
2026-05-19T00:00:00Z,4569.08,4588.64,4464.55,4481.5
2026-05-20T00:00:00Z,4481.44,4552.24,4453.23,4543.49
2026-05-21T00:00:00Z,4545.16,4570.11,4489.06,4542.2
2026-05-22T00:00:00Z,4542.91,4545.32,4491.67,4509.75
2026-05-25T00:00:00Z,4542.68,4579.23,4541.48,4568.7
2026-05-26T00:00:00Z,4566.67,4579.53,4482.44,4503.05
2026-05-27T00:00:00Z,4503.68,4526.72,4401.02,4455.6
2026-05-28T00:00:00Z,4462.85,4516.12,4366.3,4495.72
2026-05-29T00:00:00Z,4493.31,4594.37,4488.72,4542.17
2026-06-01T00:00:00Z,4519.55,4545.76,4446.37,4483.65
2026-06-02T00:00:00Z,4482.41,4540.64,4462.6,4487.64
2026-06-03T00:00:00Z,4491.49,4496.24,4426.14,4433.57
2026-06-04T00:00:00Z,4437.54,4514.75,4423.65,4475.17
2026-06-05T00:00:00Z,4473.33,4480.97,4311.24,4321.84
2026-06-08T00:00:00Z,4322.32,4353.02,4268.38,4329.48
2026-06-09T00:00:00Z,4329.39,4362.5,4236.34,4259.96
2026-06-10T00:00:00Z,4248.34,4256.87,4066.82,4070.22
2026-06-11T00:00:00Z,4070.89,4219.45,4023.47,4210.77
2026-06-12T00:00:00Z,4216.12,4245.63,4169.79,4214.05
2026-06-15T00:00:00Z,4271.27,4368.72,4271.27,4308.35
2026-06-16T00:00:00Z,4309.35,4354.39,4305.36,4330.51
2026-06-17T00:00:00Z,4331.08,4381.74,4218.67,4257.14
2026-06-18T00:00:00Z,4253.5,4329.52,4201.24,4207.59
2026-06-19T00:00:00Z,4207.98,4211.19,4121.15,4154.97
2026-06-22T00:00:00Z,4147.9,4219.76,4136.09,4191.73
2026-06-23T00:00:00Z,4191.45,4197.67,4090.65,4109.17
2026-06-24T00:00:00Z,4112.32,4114.44,3958.98,4000.26
2026-06-25T00:00:00Z,4006.8,4043.79,3963.28,4026.24
2026-06-26T00:00:00Z,4028.2,4095.55,3982.6,4071.63
2026-06-29T00:00:00Z,4075.68,4085.08,4000.72,4010.84
2026-06-30T00:00:00Z,4017.81,4062.92,3942.31,4006.69
2026-07-01T00:00:00Z,4009.86,4114.31,3959.87,4031.12
2026-07-02T00:00:00Z,4035.2,4143.21,4030.3,4123.47
2026-07-03T00:00:00Z,4124.33,4195.05,4120.66,4174.65
2026-07-06T00:00:00Z,4174.41,4202.18,4128.11,4163.79
2026-07-07T00:00:00Z,4166.66,4179.86,4092.23,4105.91
2026-07-08T00:00:00Z,4094.32,4133.45,4021.39,4076.93
2026-07-09T00:00:00Z,4075.8,4137.59,4053.8,4123.33
2026-07-10T00:00:00Z,4122.39,4134.36,4072.73,4110.95
2026-07-13T00:00:00Z,4096.42,4097.62,3986.22,4001.57
2026-07-14T00:00:00Z,4004.13,4099.92,3983.14,4052.18
2026-07-15T00:00:00Z,4052.34,4080.42,4016.95,4059.62
2026-07-16T00:00:00Z,4063.87,4064.91,3969.25,3976.08
2026-07-17T00:00:00Z,3977.39,4023.39,3959.31,4010.47
2026-07-20T00:00:00Z,3998.92,4039.68,3982.16,4008.16
2026-07-21T00:00:00Z,4008.89,4086.18,3999.41,4077.43
2026-07-22T00:00:00Z,4078.96,4165.62,4075.32,4129.52
2026-07-23T00:00:00Z,4119.83,4140.66,4039.6,4048.7
2026-07-24T00:00:00Z,4048.21,4081.66,4021.61,4053.36
2026-07-27T00:00:00Z,4089.51,4115.74,4064.97,4076.25
2026-07-28T00:00:00Z,4081.18,4081.48,4011.17,4028.21
2026-07-29T00:00:00Z,4026.82,4115.84,3995.62,4065.77
2026-07-30T00:00:00Z,4067.1,4119.68,4028.08,4102.61
2026-07-31T00:00:00Z,4104.53,4111.39,4020.8,4047.71
2026-08-03T00:00:00Z,4071.93,4079.16,4018.91,4054.64
2026-08-04T00:00:00Z,4050.04,4105.63,4042.1,4077.5
2026-08-05T00:00:00Z,4078.34,4267.24,4064.96,4245.87
2026-08-06T00:00:00Z,4248.25,4303.67,4222.84,4239.71
2026-08-07T00:00:00Z,4237.32,4371.32,4228.18,4337.4
2026-08-10T00:00:00Z,4348.09,4395.19,4313.45,4389.01
2026-08-11T00:00:00Z,4388.8,4435.07,4356.68,4367.91
2026-08-12T00:00:00Z,4371.14,4440.92,4362.4,4408.94
2026-08-13T00:00:00Z,4410.2,4449.76,4343.76,4350.46
2026-08-14T00:00:00Z,4353.59,4396.88,4311.01,4374.81
2026-08-17T00:00:00Z,4376.76,4428.91,4367.22,4416.43
2026-08-18T00:00:00Z,4418.2,4436.16,4329.14,4334.65
2026-08-19T00:00:00Z,4333.74,4524.19,4324.51,4522.88
2026-08-20T00:00:00Z,4526.23,4540.72,4450.46,4518.91
2026-08-21T00:00:00Z,4520.62,4632.2,4508.71,4601.04
2026-08-22T00:00:00Z,4606.3,4611.0,4588.13,4603.4
2026-08-23T00:00:00Z,4603.4,4614.2,4601.4,4614.2
2026-08-24T00:00:00Z,4621.86,4680.63,4594.85,4651.93
2026-08-25T00:00:00Z,4656.46,4696.62,4605.34,4658.55
2026-08-26T00:00:00Z,4660.54,4673.79,4583.09,4593.78
2026-08-27T00:00:00Z,4605.5,4642.98,4566.04,4601.39
2026-08-28T00:00:00Z,4606.47,4631.42,4445.49,4454.83
2026-08-29T00:00:00Z,4455.8,4463.4,4455.51,4462.01
2026-08-30T00:00:00Z,4462.01,4480.7,4461.12,4471.0
2026-08-31T00:00:00Z,4433.28,4472.05,4396.46,4447.91
2026-09-01T00:00:00Z,4449.64,4461.46,4322.85,4328.31
2026-09-02T00:00:00Z,4333.45,4397.3,4282.43,4387.74
2026-09-03T00:00:00Z,4390.99,4510.79,4381.25,4472.9
2026-09-04T00:00:00Z,4474.93,4490.56,4365.59,4430.03
2026-09-05T00:00:00Z,4425.7,4432.8,4424.05,4429.5
2026-09-06T00:00:00Z,4429.5,4429.9,4415.12,4417.38
2026-09-07T00:00:00Z,4422.96,4435.13,4381.15,4408.12
2026-09-08T00:00:00Z,4408.12,4442.69,4345.79,4355.42
2026-09-09T00:00:00Z,4354.8,4434.06,4341.2,4401.81
2026-09-10T00:00:00Z,4405.13,4434.83,4314.16,4317.75
2026-09-11T00:00:00Z,4321.5,4402.63,4300.8,4349.03
2026-09-12T00:00:00Z,4346.8,4349.8,4344.7,4347.3
2026-09-13T00:00:00Z,4347.3,4352.2,4330.2,4340.5
2026-09-14T00:00:00Z,4332.83,4355.3,4253.66,4299.19
2026-09-15T00:00:00Z,4300.47,4317.3,4261.39,4294.05
2026-09-16T00:00:00Z,4295.47,4365.16,4235.53,4263.45
2026-09-17T00:00:00Z,4260.86,4380.82,4257.53,4341.32
2026-09-18T00:00:00Z,4344.85,4399.57,4334.32,4378.18
2026-09-19T00:00:00Z,4376.11,4378.9,4367.91,4370.9
2026-09-20T00:00:00Z,4370.9,4372.3,4360.34,4367.4
2026-09-21T00:00:00Z,4367.1,4379.9,4322.72,4343.62
2026-09-22T00:00:00Z,4347.92,4376.09,4291.55,4357.62
2026-09-23T00:00:00Z,4361.02,4369.35,4274.88,4287.09
2026-09-24T00:00:00Z,4290.16,4302.92,4244.8,4275.23
2026-09-25T00:00:00Z,4274.56,4295.56,4264.27,4287.05
