tf,estrategia,sesion,coste,trades,win_rate,pnl_total_usd_oz,prom_usd_oz,profit_factor,max_dd_usd_oz,racha_perd
M1,Retroceso EMA 9/21/50,Asia 00-07,0.3,11,18.2,-13.84,-1.258,0.18,-13.88,5.0
M1,Retroceso EMA 9/21/50,Asia 00-07,0.5,11,18.2,-16.04,-1.458,0.14,-15.68,5.0
M1,Retroceso EMA 9/21/50,Londres 07-12,0.3,11,27.3,-10.09,-0.917,0.42,-7.98,4.0
M1,Retroceso EMA 9/21/50,Londres 07-12,0.5,11,27.3,-12.29,-1.117,0.35,-9.98,4.0
M1,Retroceso EMA 9/21/50,NY 12-17,0.3,10,80.0,19.2,1.92,4.4,-3.07,1.0
M1,Retroceso EMA 9/21/50,NY 12-17,0.5,10,80.0,17.2,1.72,3.85,-3.27,1.0
M1,Retroceso EMA 9/21/50,Tarde NY 17-21,0.3,0,,,,,,
M1,Retroceso EMA 9/21/50,Tarde NY 17-21,0.5,0,,,,,,
M1,Retroceso EMA 9/21/50,Todo el día,0.3,32,40.6,-4.72,-0.148,0.88,-23.97,9.0
M1,Retroceso EMA 9/21/50,Todo el día,0.5,32,40.6,-11.12,-0.348,0.75,-27.97,9.0
M1,Reversión Bollinger+RSI,Asia 00-07,0.3,10,20.0,-10.96,-1.096,0.22,-12.46,7.0
M1,Reversión Bollinger+RSI,Asia 00-07,0.5,10,20.0,-12.96,-1.296,0.18,-13.86,7.0
M1,Reversión Bollinger+RSI,Londres 07-12,0.3,9,66.7,3.02,0.335,1.5,-4.94,2.0
M1,Reversión Bollinger+RSI,Londres 07-12,0.5,9,66.7,1.22,0.135,1.18,-5.74,2.0
M1,Reversión Bollinger+RSI,NY 12-17,0.3,8,37.5,-5.84,-0.73,0.6,-10.0,4.0
M1,Reversión Bollinger+RSI,NY 12-17,0.5,8,37.5,-7.44,-0.93,0.52,-11.0,4.0
M1,Reversión Bollinger+RSI,Tarde NY 17-21,0.3,0,,,,,,
M1,Reversión Bollinger+RSI,Tarde NY 17-21,0.5,0,,,,,,
M1,Reversión Bollinger+RSI,Todo el día,0.3,29,37.9,-16.51,-0.569,0.56,-21.69,7.0
M1,Reversión Bollinger+RSI,Todo el día,0.5,29,37.9,-22.31,-0.769,0.46,-26.89,7.0
M1,Ruptura vela de impulso,Asia 00-07,0.3,25,60.0,21.1,0.844,2.11,-4.52,2.0
M1,Ruptura vela de impulso,Asia 00-07,0.5,25,60.0,16.1,0.644,1.76,-4.92,2.0
M1,Ruptura vela de impulso,Londres 07-12,0.3,20,30.0,-12.79,-0.639,0.58,-15.19,7.0
M1,Ruptura vela de impulso,Londres 07-12,0.5,20,30.0,-16.79,-0.839,0.49,-17.59,7.0
M1,Ruptura vela de impulso,NY 12-17,0.3,23,21.7,-29.28,-1.273,0.45,-34.77,7.0
M1,Ruptura vela de impulso,NY 12-17,0.5,23,21.7,-33.88,-1.473,0.4,-38.17,7.0
M1,Ruptura vela de impulso,Tarde NY 17-21,0.3,0,,,,,,
M1,Ruptura vela de impulso,Tarde NY 17-21,0.5,0,,,,,,
M1,Ruptura vela de impulso,Todo el día,0.3,70,40.0,-17.52,-0.25,0.83,-54.08,9.0
M1,Ruptura vela de impulso,Todo el día,0.5,70,40.0,-31.52,-0.45,0.72,-62.08,9.0
M1,Reversión a 'VWAP' diaria,Asia 00-07,0.3,60,33.3,-33.88,-0.565,0.53,-42.88,12.0
M1,Reversión a 'VWAP' diaria,Asia 00-07,0.5,60,33.3,-45.88,-0.765,0.43,-53.87,12.0
M1,Reversión a 'VWAP' diaria,Londres 07-12,0.3,52,34.6,-24.19,-0.465,0.64,-39.18,10.0
M1,Reversión a 'VWAP' diaria,Londres 07-12,0.5,52,34.6,-34.59,-0.665,0.54,-48.38,10.0
M1,Reversión a 'VWAP' diaria,NY 12-17,0.3,52,53.8,25.74,0.495,1.36,-14.83,4.0
M1,Reversión a 'VWAP' diaria,NY 12-17,0.5,52,53.8,15.34,0.295,1.2,-16.23,4.0
M1,Reversión a 'VWAP' diaria,Tarde NY 17-21,0.3,0,,,,,,
M1,Reversión a 'VWAP' diaria,Tarde NY 17-21,0.5,0,,,,,,
M1,Reversión a 'VWAP' diaria,Todo el día,0.3,165,39.4,-36.18,-0.219,0.83,-63.97,12.0
M1,Reversión a 'VWAP' diaria,Todo el día,0.5,165,39.4,-69.18,-0.419,0.71,-86.37,12.0
M5,Retroceso EMA 9/21/50,Asia 00-07,0.3,16,43.8,1.43,0.089,1.04,-12.88,3.0
M5,Retroceso EMA 9/21/50,Asia 00-07,0.5,16,43.8,-1.77,-0.111,0.95,-14.08,3.0
M5,Retroceso EMA 9/21/50,Londres 07-12,0.3,12,50.0,-1.03,-0.086,0.97,-18.97,2.0
M5,Retroceso EMA 9/21/50,Londres 07-12,0.5,12,50.0,-3.43,-0.286,0.89,-20.77,2.0
M5,Retroceso EMA 9/21/50,NY 12-17,0.3,12,33.3,-15.57,-1.297,0.67,-33.47,6.0
M5,Retroceso EMA 9/21/50,NY 12-17,0.5,12,33.3,-17.97,-1.497,0.63,-34.67,6.0
M5,Retroceso EMA 9/21/50,Tarde NY 17-21,0.3,6,16.7,-17.83,-2.971,0.03,-14.06,3.0
M5,Retroceso EMA 9/21/50,Tarde NY 17-21,0.5,6,16.7,-19.03,-3.171,0.02,-15.06,3.0
M5,Retroceso EMA 9/21/50,Todo el día,0.3,50,38.0,-38.05,-0.761,0.73,-54.48,6.0
M5,Retroceso EMA 9/21/50,Todo el día,0.5,50,38.0,-48.05,-0.961,0.67,-60.48,6.0
M5,Reversión Bollinger+RSI,Asia 00-07,0.3,10,40.0,-5.66,-0.566,0.74,-14.79,4.0
M5,Reversión Bollinger+RSI,Asia 00-07,0.5,10,40.0,-7.66,-0.766,0.66,-15.59,4.0
M5,Reversión Bollinger+RSI,Londres 07-12,0.3,7,71.4,12.99,1.856,2.52,-4.55,1.0
M5,Reversión Bollinger+RSI,Londres 07-12,0.5,7,71.4,11.59,1.656,2.3,-4.75,1.0
M5,Reversión Bollinger+RSI,NY 12-17,0.3,1,0.0,-6.68,-6.677,0.0,0.0,1.0
M5,Reversión Bollinger+RSI,NY 12-17,0.5,1,0.0,-6.88,-6.877,0.0,0.0,1.0
M5,Reversión Bollinger+RSI,Tarde NY 17-21,0.3,3,66.7,2.69,0.896,1.54,0.0,1.0
M5,Reversión Bollinger+RSI,Tarde NY 17-21,0.5,3,66.7,2.09,0.696,1.4,0.0,1.0
M5,Reversión Bollinger+RSI,Todo el día,0.3,21,52.4,3.34,0.159,1.08,-21.63,5.0
M5,Reversión Bollinger+RSI,Todo el día,0.5,21,52.4,-0.86,-0.041,0.98,-23.03,5.0
M5,Ruptura vela de impulso,Asia 00-07,0.3,22,59.1,44.61,2.028,2.2,-10.34,2.0
M5,Ruptura vela de impulso,Asia 00-07,0.5,22,59.1,40.21,1.828,2.03,-10.74,2.0
M5,Ruptura vela de impulso,Londres 07-12,0.3,15,33.3,2.17,0.145,1.05,-21.25,4.0
M5,Ruptura vela de impulso,Londres 07-12,0.5,15,33.3,-0.83,-0.055,0.98,-23.25,4.0
M5,Ruptura vela de impulso,NY 12-17,0.3,19,31.6,-24.75,-1.303,0.69,-35.95,5.0
M5,Ruptura vela de impulso,NY 12-17,0.5,19,31.6,-28.55,-1.503,0.66,-39.35,5.0
M5,Ruptura vela de impulso,Tarde NY 17-21,0.3,10,10.0,-25.09,-2.509,0.26,-34.11,9.0
M5,Ruptura vela de impulso,Tarde NY 17-21,0.5,10,10.0,-27.09,-2.709,0.25,-35.91,9.0
M5,Ruptura vela de impulso,Todo el día,0.3,70,35.7,-14.41,-0.206,0.93,-48.24,8.0
M5,Ruptura vela de impulso,Todo el día,0.5,70,35.7,-28.41,-0.406,0.87,-60.56,8.0
M5,Reversión a 'VWAP' diaria,Asia 00-07,0.3,49,42.9,0.77,0.016,1.01,-35.04,7.0
M5,Reversión a 'VWAP' diaria,Asia 00-07,0.5,49,42.9,-9.03,-0.184,0.92,-39.44,7.0
M5,Reversión a 'VWAP' diaria,Londres 07-12,0.3,38,36.8,-16.85,-0.443,0.85,-43.6,6.0
M5,Reversión a 'VWAP' diaria,Londres 07-12,0.5,38,36.8,-24.45,-0.643,0.79,-49.2,6.0
M5,Reversión a 'VWAP' diaria,NY 12-17,0.3,30,56.7,57.52,1.917,1.82,-22.15,3.0
M5,Reversión a 'VWAP' diaria,NY 12-17,0.5,30,56.7,51.52,1.717,1.7,-24.15,3.0
M5,Reversión a 'VWAP' diaria,Tarde NY 17-21,0.3,18,44.4,5.65,0.314,1.13,-19.59,4.0
M5,Reversión a 'VWAP' diaria,Tarde NY 17-21,0.5,18,44.4,2.05,0.114,1.04,-21.79,4.0
M5,Reversión a 'VWAP' diaria,Todo el día,0.3,139,44.6,46.96,0.338,1.14,-67.05,7.0
M5,Reversión a 'VWAP' diaria,Todo el día,0.5,139,44.6,19.16,0.138,1.05,-77.25,7.0
M5,ORB Londres 07:00 (15 min),Todo el día,0.3,4,50.0,0.69,0.174,1.03,-20.75,2.0
M5,ORB Londres 07:00 (15 min),Todo el día,0.5,4,50.0,-0.11,-0.026,1.0,-21.15,2.0
M5,ORB Nueva York 13:30 (15 min),Todo el día,0.3,4,25.0,-21.08,-5.27,0.38,-17.32,2.0
M5,ORB Nueva York 13:30 (15 min),Todo el día,0.5,4,25.0,-21.88,-5.47,0.37,-17.64,2.0
M15,Retroceso EMA 9/21/50,Asia 00-07,0.3,16,31.2,-34.63,-2.164,0.52,-28.97,5.0
M15,Retroceso EMA 9/21/50,Asia 00-07,0.5,16,31.2,-37.83,-2.364,0.49,-30.74,5.0
M15,Retroceso EMA 9/21/50,Londres 07-12,0.3,9,55.6,17.28,1.92,1.47,-20.51,2.0
M15,Retroceso EMA 9/21/50,Londres 07-12,0.5,9,55.6,15.48,1.72,1.41,-21.31,2.0
M15,Retroceso EMA 9/21/50,NY 12-17,0.3,10,60.0,13.85,1.385,1.35,-20.25,2.0
M15,Retroceso EMA 9/21/50,NY 12-17,0.5,10,60.0,11.85,1.185,1.29,-20.65,2.0
M15,Retroceso EMA 9/21/50,Tarde NY 17-21,0.3,9,44.4,-9.11,-1.012,0.74,-21.26,3.0
M15,Retroceso EMA 9/21/50,Tarde NY 17-21,0.5,9,44.4,-10.91,-1.212,0.69,-22.46,3.0
M15,Retroceso EMA 9/21/50,Todo el día,0.3,45,44.4,-17.41,-0.387,0.91,-43.33,6.0
M15,Retroceso EMA 9/21/50,Todo el día,0.5,45,44.4,-26.41,-0.587,0.86,-45.45,6.0
M15,Reversión Bollinger+RSI,Asia 00-07,0.3,14,50.0,1.77,0.126,1.05,-26.49,3.0
M15,Reversión Bollinger+RSI,Asia 00-07,0.5,14,50.0,-1.03,-0.074,0.97,-28.29,3.0
M15,Reversión Bollinger+RSI,Londres 07-12,0.3,9,44.4,12.53,1.393,1.6,-14.89,2.0
M15,Reversión Bollinger+RSI,Londres 07-12,0.5,9,44.4,10.73,1.193,1.49,-15.29,2.0
M15,Reversión Bollinger+RSI,NY 12-17,0.3,8,25.0,-1.7,-0.212,0.86,-1.98,6.0
M15,Reversión Bollinger+RSI,NY 12-17,0.5,8,25.0,-3.3,-0.412,0.75,-2.98,6.0
M15,Reversión Bollinger+RSI,Tarde NY 17-21,0.3,3,66.7,11.17,3.722,1.59,0.0,1.0
M15,Reversión Bollinger+RSI,Tarde NY 17-21,0.5,3,66.7,10.57,3.522,1.55,0.0,1.0
M15,Reversión Bollinger+RSI,Todo el día,0.3,38,44.7,20.26,0.533,1.23,-27.84,5.0
M15,Reversión Bollinger+RSI,Todo el día,0.5,38,42.1,12.66,0.333,1.13,-31.11,9.0
M15,Ruptura vela de impulso,Asia 00-07,0.3,25,56.0,73.37,2.935,2.33,-26.44,2.0
M15,Ruptura vela de impulso,Asia 00-07,0.5,25,56.0,68.37,2.735,2.19,-29.44,2.0
M15,Ruptura vela de impulso,Londres 07-12,0.3,17,35.3,-22.71,-1.336,0.68,-54.22,6.0
M15,Ruptura vela de impulso,Londres 07-12,0.5,17,29.4,-26.11,-1.536,0.64,-56.22,10.0
M15,Ruptura vela de impulso,NY 12-17,0.3,17,41.2,7.69,0.452,1.13,-18.72,3.0
M15,Ruptura vela de impulso,NY 12-17,0.5,17,41.2,4.29,0.252,1.07,-20.23,3.0
M15,Ruptura vela de impulso,Tarde NY 17-21,0.3,8,12.5,-36.55,-4.568,0.32,-44.13,7.0
M15,Ruptura vela de impulso,Tarde NY 17-21,0.5,8,12.5,-38.15,-4.768,0.31,-45.33,7.0
M15,Ruptura vela de impulso,Todo el día,0.3,65,44.6,48.54,0.747,1.22,-65.72,6.0
M15,Ruptura vela de impulso,Todo el día,0.5,65,43.1,35.54,0.547,1.16,-71.72,6.0
M15,Reversión a 'VWAP' diaria,Asia 00-07,0.3,47,42.6,-7.67,-0.163,0.95,-69.67,7.0
M15,Reversión a 'VWAP' diaria,Asia 00-07,0.5,47,42.6,-17.07,-0.363,0.89,-76.27,7.0
M15,Reversión a 'VWAP' diaria,Londres 07-12,0.3,42,35.7,-10.24,-0.244,0.93,-43.5,4.0
M15,Reversión a 'VWAP' diaria,Londres 07-12,0.5,42,31.0,-18.64,-0.444,0.88,-48.5,5.0
M15,Reversión a 'VWAP' diaria,NY 12-17,0.3,33,42.4,5.96,0.181,1.05,-53.26,6.0
M15,Reversión a 'VWAP' diaria,NY 12-17,0.5,33,33.3,-0.64,-0.019,1.0,-58.06,9.0
M15,Reversión a 'VWAP' diaria,Tarde NY 17-21,0.3,25,44.0,4.27,0.171,1.05,-42.18,4.0
M15,Reversión a 'VWAP' diaria,Tarde NY 17-21,0.5,25,44.0,-0.73,-0.029,0.99,-43.18,4.0
M15,Reversión a 'VWAP' diaria,Todo el día,0.3,141,44.0,71.03,0.504,1.16,-94.38,10.0
M15,Reversión a 'VWAP' diaria,Todo el día,0.5,141,40.4,42.83,0.304,1.09,-103.78,17.0
M15,ORB Londres 07:00 (15 min),Todo el día,0.3,11,54.5,13.09,1.19,1.28,-46.61,3.0
M15,ORB Londres 07:00 (15 min),Todo el día,0.5,11,45.5,10.89,0.99,1.23,-47.81,6.0
M15,ORB Nueva York 13:30 (15 min),Todo el día,0.3,12,33.3,-85.72,-7.144,0.16,-70.85,5.0
M15,ORB Nueva York 13:30 (15 min),Todo el día,0.5,12,16.7,-88.12,-7.344,0.15,-73.05,6.0
